Queso,Vino
Queso Azul,Cabernet Sauvignon
Queso Azul,Zinfandel
Queso Azul,Tawnyport
Queso Azul,Jerez
Camembert,Chardonnay
Camembert,Sauvignon Blanc
Brie,Chardonnay
Brie,Sauvignon Blanc
Cahill (Porter),Pinot Noir
Cheddar,Merlot
Cheddar,Cabernet Sauvignon
Chevre,Gewürztraminer
Chevre,Champagne
Fontina,Barbera
Fontina,Nebbiolo
Gruyere,Pinot Noir
Roquefort,Riesling
Gouda,Riesling
Queso Feta,Pinot Noir
queso Feta,Pinot Noir
queso Feta,Chenin Blanc
queso Feta,Sauvignon Blanc
queso Feta,Pinot Gris
Queso de cabra,Pinot Noir
Queso de cabra,Pinot Noir
Queso de cabra,Chenin Blanc
Queso de cabra,Sauvignon Blanc
Queso de cabra,Pinot Gris
Gorgonzola,Zinfandel
Gorgonzola,Cabernet Sauvignon
Gorgonzola,Riesling
Pategrás,Malbec
Pategrás,Cabernet
Pepato,Syrah
Sardo,Tinto
PARMESAN,PROSECCO
RICOTTA,RIESLING
JARLSBERG,VIOGNIER
MONTEREY JACK,MERLOT
MOZZARELLA,PINOT GRIGIO
GOAT CHEESE,SAUVIGNON BLANC
